url,label
https://www.google.com,0
https://www.microsoft.com/dhexi,0
https://www.python.org,0
http://login-secure-bank.xyz,1
https://www.linkedin.com/hcddk,0
https://www.facebook.com/xumdd?param=i78nwfpf,0
https://verify-account-now.net/bcooz,1
http://urgent-account-update.com/gkrhm?param=p1540ybg,1
https://www.twitter.com/lcgds,0
http://verify-payment-method.online,1
http://verify-payment-method.online/ubvrx?param=cx2rv8ni,1
https://www.stackoverflow.com/mvcyv,0
http://important-security-update.info/wsqpc?param=0bhmy0lr,1
https://secure-login-amazon.info/chydy,1
http://important-security-update.info/dobwm?param=d9cccb6w,1
https://www.linkedin.com,0
http://login-secure-bank.xyz/iwxgr,1
https://verify-paypal-account.net,1
https://account-verification-required.xyz/srlus?param=hehvwrml,1
https://www.github.com,0
http://login-secure-bank.xyz,1
http://login-secure-bank.xyz,1
https://verify-account-now.net/qrxfs,1
https://www.python.org,0
http://important-security-update.info,1
https://www.amazon.com/qcxfm?param=ankxsy0r,0
http://login-secure-bank.xyz,1
https://account-verification-required.xyz/atywa,1
https://www.python.org/ldylq?param=su41fik5,0
https://www.python.org,0
http://important-security-update.info,1
http://important-security-update.info/eviig?param=kwrmi7bx,1
https://account-verification-required.xyz/atlcd,1
https://www.facebook.com,0
https://www.github.com,0
https://www.reddit.com/mtwai?param=6vnmf76n,0
https://www.github.com/hciyo,0
https://www.stackoverflow.com,0
http://important-security-update.info/ilrtz?param=d3bf7fn9,1
https://www.amazon.com/tlwom?param=6zyou3ob,0
http://important-security-update.info/wgeaj?param=j8erc6mp,1
http://important-security-update.info,1
https://www.twitter.com/fyxvr,0
http://verify-payment-method.online,1
https://www.python.org/sdvbr,0
https://www.twitter.com/ttwpx?param=btkh28eo,0
http://secure-banking-update.com,1
http://secure-banking-update.com,1
https://www.amazon.com/cmlwe?param=atooecl4,0
https://www.python.org/qhaxy,0
https://www.github.com,0
https://www.google.com,0
https://verify-paypal-account.net/wqghb?param=pw193mou,1
http://login-secure-bank.xyz/ojnal?param=touvx9ay,1
http://banking-secure-login.top/dimfo?param=g8pxkg5b,1
https://www.linkedin.com/zjdbq,0
https://www.reddit.com,0
http://verify-payment-method.online,1
https://verify-paypal-account.net,1
http://secure-banking-update.com,1
https://secure-login-amazon.info/hfcxl,1
http://secure-banking-update.com,1
http://secure-banking-update.com,1
https://www.stackoverflow.com/ormua?param=q1dzn4b8,0
http://login-secure-bank.xyz/xtaxd,1
https://www.github.com,0
https://www.github.com,0
https://www.reddit.com/ygqap?param=pi95stec,0
http://verify-payment-method.online/oroaf,1
https://www.stackoverflow.com,0
http://verify-payment-method.online/hnfgp?param=yimuwn8u,1
https://www.stackoverflow.com,0
http://urgent-account-update.com,1
http://verify-payment-method.online,1
https://secure-login-amazon.info/hwxct,1
https://www.stackoverflow.com/cbsru,0
https://www.linkedin.com,0
https://www.reddit.com,0
https://verify-account-now.net/ngbnu?param=w1wfqgbv,1
https://www.amazon.com,0
http://important-security-update.info,1
http://banking-secure-login.top,1
https://verify-paypal-account.net,1
https://verify-account-now.net/clgpk,1
http://important-security-update.info/bbvzr?param=6fy1cxgz,1
http://important-security-update.info,1
https://www.facebook.com/yzjvu,0
https://verify-account-now.net/sqcyx?param=nl5rz4tl,1
https://www.twitter.com,0
https://verify-paypal-account.net,1
https://www.twitter.com/ieisz?param=6ngq8iql,0
https://www.google.com/grduv,0
https://www.twitter.com/utvmo?param=8ptv9q3l,0
https://www.facebook.com/qvjph,0
https://www.reddit.com/kplsg?param=1o7o4dfy,0
https://verify-paypal-account.net/ncinp?param=solaicp6,1
https://www.microsoft.com/ljdvv,0
https://account-verification-required.xyz/tbvbi?param=bs5tqfg1,1
https://www.google.com/zjsby,0
https://www.python.org,0
http://urgent-account-update.com,1
http://urgent-account-update.com/ptqrw?param=pczmilbv,1
https://www.reddit.com/gciqf,0
https://www.microsoft.com,0
https://www.reddit.com,0
https://www.linkedin.com,0
https://www.facebook.com/hyhqj?param=jqmmm2mn,0
https://www.reddit.com,0
https://secure-login-amazon.info/jnqib?param=46v6c3po,1
https://www.reddit.com/hjzjo,0
https://www.facebook.com/ncnwj,0
https://www.amazon.com,0
https://www.github.com/bhxvz,0
https://www.twitter.com,0
https://verify-account-now.net,1
http://login-secure-bank.xyz/bgsty,1
https://www.amazon.com/uhybj,0
http://login-secure-bank.xyz/imqjo,1
https://www.python.org,0
https://secure-login-amazon.info,1
http://login-secure-bank.xyz/ystoq,1
http://login-secure-bank.xyz,1
http://secure-banking-update.com,1
https://www.amazon.com,0
https://www.python.org,0
https://www.github.com/gronn?param=q4vq7rm0,0
https://www.google.com/vyyqh?param=emmujod6,0
https://www.amazon.com/wcsqx?param=3vktgar4,0
http://urgent-account-update.com,1
https://account-verification-required.xyz,1
https://www.microsoft.com/yjfvi,0
http://login-secure-bank.xyz,1
https://www.stackoverflow.com/aobxh,0
http://banking-secure-login.top,1
https://secure-login-amazon.info/kuboj?param=7ape9tsw,1
https://verify-paypal-account.net/hbwjo,1
https://www.stackoverflow.com/eoqri?param=fxzfek51,0
https://www.linkedin.com/iondi,0
https://secure-login-amazon.info/wshnm?param=648q1034,1
https://www.python.org,0
https://www.amazon.com,0
http://banking-secure-login.top/mrjmi,1
http://banking-secure-login.top/jypyu?param=mz86xqdz,1
https://verify-paypal-account.net/qvgzu,1
http://verify-payment-method.online,1
http://banking-secure-login.top,1
https://www.stackoverflow.com/kqvby,0
https://www.reddit.com,0
https://account-verification-required.xyz,1
https://secure-login-amazon.info/arshw,1
https://www.google.com,0
http://verify-payment-method.online,1
https://www.python.org/xzoch,0
https://www.twitter.com/fzhym?param=zuutekyx,0
https://www.github.com,0
https://www.stackoverflow.com,0
http://important-security-update.info,1
https://verify-account-now.net,1
https://account-verification-required.xyz,1
https://verify-paypal-account.net/fgwci?param=avj5hzju,1
http://login-secure-bank.xyz,1
https://www.microsoft.com,0
https://www.github.com,0
https://www.amazon.com/dvbkw,0
https://www.linkedin.com/cevne?param=czhuejzw,0
http://urgent-account-update.com/mffmq?param=ubzeal97,1
http://urgent-account-update.com,1
https://www.facebook.com,0
http://urgent-account-update.com,1
https://www.microsoft.com,0
https://verify-account-now.net/qrszp?param=ojpl6nj7,1
https://www.google.com,0
http://important-security-update.info,1
https://verify-account-now.net/pjgke,1
https://account-verification-required.xyz,1
https://www.amazon.com/znllb,0
https://www.microsoft.com,0
https://www.python.org,0
https://verify-paypal-account.net,1
https://www.linkedin.com/nhefd?param=uy7i2f8c,0
https://secure-login-amazon.info/sxiap?param=ath6e3w8,1
http://banking-secure-login.top,1
http://login-secure-bank.xyz,1
https://www.github.com/lugtx,0
https://www.stackoverflow.com/fczix,0
http://login-secure-bank.xyz,1
https://www.facebook.com/bkjeb,0
https://www.stackoverflow.com/iunat,0
https://www.facebook.com,0
https://www.linkedin.com/gjyms,0
https://www.twitter.com/bxcgd,0
https://www.stackoverflow.com,0
https://www.amazon.com,0
https://www.reddit.com/gnxxc,0
https://verify-paypal-account.net/efmdb,1
https://www.linkedin.com/arizc?param=sabo7ez8,0
https://www.amazon.com/emfov?param=ooa42oiq,0
https://www.reddit.com/gkmko,0
https://www.github.com,0
http://secure-banking-update.com/xrwvs?param=plipukg2,1
http://banking-secure-login.top,1
https://www.linkedin.com/dpouz?param=v43hs2f6,0
https://www.linkedin.com/nheuj,0
http://verify-payment-method.online/fgpat,1
https://www.google.com,0
https://verify-paypal-account.net/ezlds?param=noypiint,1
https://account-verification-required.xyz,1
https://www.twitter.com/hhhqj?param=wgyzxdtx,0
http://login-secure-bank.xyz/kvfvj,1
https://verify-paypal-account.net/jswrk?param=pm6rpad5,1
https://www.stackoverflow.com,0
https://www.github.com,0
http://important-security-update.info,1
https://www.reddit.com/vjuvg?param=d7l6edb8,0
https://www.amazon.com/ynscn,0
https://www.twitter.com,0
https://www.reddit.com,0
http://login-secure-bank.xyz/vjkol,1
https://secure-login-amazon.info/imlwl,1
https://www.microsoft.com/ebctk?param=s4rem6je,0
http://login-secure-bank.xyz/ogcaz,1
https://www.microsoft.com/sluyz?param=rdbv41ys,0
https://www.linkedin.com,0
http://banking-secure-login.top,1
https://www.facebook.com,0
http://important-security-update.info,1
https://www.microsoft.com/rihws,0
https://www.google.com,0
https://www.linkedin.com/vohql,0
https://verify-paypal-account.net,1
https://www.linkedin.com/racgj?param=jbpmjhvg,0
https://secure-login-amazon.info/zqztk,1
https://verify-paypal-account.net/nsyyy?param=qef7hffn,1
https://verify-paypal-account.net,1
https://www.stackoverflow.com/ufwkb?param=yra4vvv0,0
http://login-secure-bank.xyz/ndcqy,1
https://www.github.com,0
https://www.microsoft.com,0
https://secure-login-amazon.info/ocncs?param=em6x799v,1
https://www.python.org,0
https://www.amazon.com,0
https://www.microsoft.com,0
http://banking-secure-login.top,1
http://login-secure-bank.xyz,1
https://www.github.com,0
http://important-security-update.info/zrqgf,1
https://secure-login-amazon.info,1
https://www.linkedin.com,0
http://banking-secure-login.top/oilan,1
https://www.google.com,0
https://www.twitter.com/bgaxd?param=q1hlof66,0
https://www.amazon.com,0
https://www.github.com/ecmwp?param=o9576kec,0
https://www.microsoft.com/yttlh,0
https://www.facebook.com/rhpag,0
http://secure-banking-update.com,1
http://secure-banking-update.com,1
http://banking-secure-login.top,1
https://www.amazon.com,0
https://www.google.com,0
http://banking-secure-login.top,1
https://www.google.com/dgspl,0
https://www.twitter.com,0
http://important-security-update.info,1
https://secure-login-amazon.info,1
https://account-verification-required.xyz/nolsl?param=v03sdha9,1
https://www.github.com/bynho?param=a740ex4f,0
https://www.github.com/grcwm?param=fv0npox6,0
https://verify-account-now.net/xyygm,1
https://www.facebook.com,0
https://www.twitter.com,0
https://www.facebook.com/ckdxn,0
https://verify-paypal-account.net/utuvz,1
https://www.amazon.com,0
https://account-verification-required.xyz/kuokf,1
http://login-secure-bank.xyz/dlcwo?param=am84c5z6,1
http://verify-payment-method.online/jlmes,1
http://important-security-update.info,1
https://www.amazon.com,0
https://www.amazon.com,0
https://www.python.org/hmlxh,0
https://secure-login-amazon.info/mmdup?param=62rh7ek6,1
http://login-secure-bank.xyz/svswy?param=7uz26sr7,1
http://secure-banking-update.com/tekws?param=5e88lqtp,1
https://account-verification-required.xyz/ptzcg?param=yj3hfwcg,1
https://account-verification-required.xyz,1
https://www.twitter.com,0
https://www.linkedin.com/xjpsb,0
http://secure-banking-update.com,1
http://login-secure-bank.xyz/sbelh?param=2wxzg045,1
https://account-verification-required.xyz/nraql?param=hymkr9tq,1
https://www.amazon.com,0
http://verify-payment-method.online,1
http://banking-secure-login.top/qfgfg,1
https://www.amazon.com/oawrp?param=yp8be7me,0
https://www.amazon.com/szire,0
https://www.amazon.com,0
https://www.amazon.com,0
https://www.google.com,0
https://secure-login-amazon.info/zkhoj?param=fimwai0b,1
https://www.github.com/zbwsn?param=dul9zzi4,0
https://www.twitter.com,0
http://login-secure-bank.xyz,1
http://banking-secure-login.top/svpaq?param=re40i7f4,1
http://verify-payment-method.online/fptta?param=59on0sfp,1
https://account-verification-required.xyz/zzogt?param=izqibjmq,1
https://verify-account-now.net/ltyml?param=oonigptl,1
https://www.microsoft.com/ayymg,0
https://www.facebook.com,0
https://www.amazon.com,0
http://important-security-update.info,1
https://www.python.org/ymqle?param=wjr2835i,0
https://account-verification-required.xyz,1
http://banking-secure-login.top/xmjri,1
https://www.linkedin.com/srtai,0
http://urgent-account-update.com,1
https://www.twitter.com/vbbuj,0
https://www.python.org/keknm?param=9ag04h2u,0
https://www.facebook.com,0
https://www.microsoft.com,0
https://verify-account-now.net,1
https://www.facebook.com,0
http://urgent-account-update.com/nfgyy,1
https://www.facebook.com,0
http://login-secure-bank.xyz,1
https://www.facebook.com,0
https://www.amazon.com,0
http://verify-payment-method.online,1
https://www.facebook.com,0
https://www.amazon.com,0
http://important-security-update.info,1
https://account-verification-required.xyz/vbepo,1
http://banking-secure-login.top,1
http://login-secure-bank.xyz/amxdb,1
http://banking-secure-login.top/cxkbj,1
https://secure-login-amazon.info,1
https://www.amazon.com/qhbff?param=wmgnx57m,0
http://secure-banking-update.com/ibvrk?param=pf94p6bk,1
https://verify-paypal-account.net/ahuul?param=xxlmxa6s,1
https://www.google.com/buqmk,0
http://login-secure-bank.xyz/jlfph?param=0evbf9k3,1
https://www.google.com,0
http://login-secure-bank.xyz,1
http://verify-payment-method.online/tqbjq,1
https://www.stackoverflow.com,0
http://urgent-account-update.com/wxecm?param=lzpop4k8,1
http://banking-secure-login.top,1
https://www.twitter.com,0
https://verify-paypal-account.net,1
https://www.reddit.com,0
https://www.python.org,0
http://verify-payment-method.online/zsedr?param=ran8osdc,1
https://verify-paypal-account.net/gjapi?param=yfpzi62x,1
https://www.microsoft.com/mcdzm?param=5j6ddzqp,0
https://account-verification-required.xyz/yvomm?param=6izbt9tb,1
https://secure-login-amazon.info,1
https://www.stackoverflow.com/fgspc,0
https://www.github.com,0
http://banking-secure-login.top,1
https://www.linkedin.com/zrllf?param=3993aw9z,0
http://verify-payment-method.online/lypcr?param=sxqm0igf,1
http://secure-banking-update.com,1
http://banking-secure-login.top/eipqw,1
https://www.stackoverflow.com,0
http://login-secure-bank.xyz,1
http://verify-payment-method.online/ugbui?param=7yug2j1x,1
https://www.facebook.com,0
http://banking-secure-login.top/tcwlf,1
https://verify-paypal-account.net,1
https://www.google.com,0
https://www.reddit.com/hacam,0
http://login-secure-bank.xyz,1
https://www.twitter.com,0
https://www.stackoverflow.com,0
http://secure-banking-update.com,1
https://www.python.org,0
http://secure-banking-update.com/apiwy,1
http://urgent-account-update.com/qrsht?param=o9i0joyr,1
https://account-verification-required.xyz,1
https://secure-login-amazon.info,1
https://www.python.org,0
http://login-secure-bank.xyz/qhrfa,1
https://www.stackoverflow.com/uefjk?param=rnmc3nxv,0
https://www.linkedin.com/upuro?param=6n5bbsbh,0
https://www.reddit.com/zopjl,0
https://www.python.org,0
https://account-verification-required.xyz,1
http://verify-payment-method.online/bvwli,1
https://www.python.org,0
https://verify-paypal-account.net,1
http://verify-payment-method.online,1
http://banking-secure-login.top,1
https://www.linkedin.com,0
https://verify-paypal-account.net/huxus,1
https://www.linkedin.com/hpwud,0
https://www.amazon.com,0
http://secure-banking-update.com,1
http://urgent-account-update.com,1
http://important-security-update.info,1
https://www.github.com/mifrj,0
http://login-secure-bank.xyz,1
https://www.google.com,0
https://www.facebook.com,0
https://www.stackoverflow.com/xaxep,0
http://verify-payment-method.online/yghvq,1
https://www.github.com,0
http://login-secure-bank.xyz/hxdop,1
https://www.amazon.com,0
https://verify-account-now.net,1
http://banking-secure-login.top/osmkz,1
https://www.python.org/tucwh?param=xeyg2xp8,0
https://www.reddit.com,0
https://www.python.org/yjwad,0
http://verify-payment-method.online/drtpv,1
http://login-secure-bank.xyz/vaswc?param=zzjr0f8x,1
https://secure-login-amazon.info,1
https://www.reddit.com,0
https://www.twitter.com/mumxs,0
http://verify-payment-method.online/dgppd,1
https://www.google.com,0
https://www.stackoverflow.com,0
https://www.google.com,0
https://www.github.com/curfe?param=ij944f1s,0
https://www.python.org/fcxqp,0
https://verify-account-now.net/ypvwl?param=skqmb0yk,1
https://www.microsoft.com/ixnev,0
https://secure-login-amazon.info,1
https://verify-account-now.net,1
https://account-verification-required.xyz/ymmma,1
https://verify-paypal-account.net/jdvpw,1
http://urgent-account-update.com,1
https://secure-login-amazon.info,1
https://www.linkedin.com/ixqgl?param=mztse0ct,0
http://login-secure-bank.xyz,1
http://login-secure-bank.xyz,1
http://verify-payment-method.online/oyvci,1
http://verify-payment-method.online/egyqp?param=ah4ynoqs,1
https://www.twitter.com,0
https://www.reddit.com/mkljb?param=kitgyvqx,0
http://urgent-account-update.com/cdbfe?param=aahr63if,1
https://www.amazon.com/oskre?param=1kho2s9t,0
https://verify-account-now.net,1
https://secure-login-amazon.info,1
http://login-secure-bank.xyz,1
https://www.google.com/nxpzy,0
https://secure-login-amazon.info/cdaup?param=tmvtutp0,1
http://important-security-update.info/ljbqh?param=vzopgk32,1
https://www.facebook.com,0
http://urgent-account-update.com,1
https://www.facebook.com/btjue?param=9sn0yf4z,0
https://www.facebook.com,0
https://www.github.com,0
http://secure-banking-update.com/kkbbz,1
http://important-security-update.info,1
https://www.facebook.com,0
https://www.google.com,0
http://verify-payment-method.online/xrzsv?param=mecjxisy,1
https://www.reddit.com/erjcq,0
http://verify-payment-method.online/vygoh,1
https://www.google.com,0
https://account-verification-required.xyz,1
http://login-secure-bank.xyz/ukpiu?param=bbjqsnvh,1
http://login-secure-bank.xyz/cboza,1
https://www.stackoverflow.com/hjgwg?param=thobibuk,0
https://www.microsoft.com,0
https://verify-paypal-account.net,1
https://www.linkedin.com/hatqd,0
https://www.reddit.com,0
https://www.facebook.com/ybcak,0
https://www.twitter.com/isuwf,0
https://www.google.com,0
http://secure-banking-update.com/ylbmr?param=1rgu2q7k,1
http://login-secure-bank.xyz,1
http://verify-payment-method.online/nvjsf,1
http://login-secure-bank.xyz,1
http://important-security-update.info,1
https://www.stackoverflow.com/fsdfp,0
https://secure-login-amazon.info/ujkcd,1
https://www.amazon.com,0
http://urgent-account-update.com/jqllj,1
https://www.twitter.com/phsqy,0
https://www.google.com/zgnuh,0
http://verify-payment-method.online/djrah?param=59bkxywa,1
https://www.twitter.com,0
https://account-verification-required.xyz/dpuyk?param=qozzwrrx,1
https://www.twitter.com/gyanr?param=63x65i24,0
https://www.amazon.com,0
https://www.stackoverflow.com/doglb,0
https://www.google.com,0
https://account-verification-required.xyz,1
https://secure-login-amazon.info,1
https://verify-account-now.net/lfhui,1
http://verify-payment-method.online,1
http://login-secure-bank.xyz/ilszk,1
https://www.google.com/euvsc,0
http://urgent-account-update.com/vazly?param=ob7m3etj,1
https://verify-paypal-account.net/xeyga,1
https://www.python.org,0
https://www.python.org/qioaq,0
https://www.python.org,0
http://verify-payment-method.online,1
https://secure-login-amazon.info/ewxvw,1
https://verify-account-now.net/lqjro?param=u3av7ybc,1
http://secure-banking-update.com/ozbnq?param=zivwx8ru,1
https://www.python.org/ztkuk?param=awbjgw9t,0
https://www.twitter.com/eeenh,0
https://www.reddit.com/udcie?param=d9bvkhcd,0
https://www.stackoverflow.com,0
https://www.linkedin.com,0
https://www.microsoft.com/jckmf?param=kfcamihy,0
https://www.twitter.com/zduvl?param=7f8fn39n,0
https://account-verification-required.xyz,1
http://important-security-update.info,1
https://www.amazon.com/qnyma,0
http://verify-payment-method.online/dgscf,1
https://www.github.com/tzlcx?param=67rx9ki7,0
https://www.google.com/ogibc?param=9cpvm164,0
http://important-security-update.info,1
http://secure-banking-update.com/cwpbp,1
https://www.google.com,0
https://account-verification-required.xyz/zjnil,1
http://urgent-account-update.com/pbfsf?param=dfrfomvl,1
http://login-secure-bank.xyz/wjjze?param=z1yv8e0f,1
https://verify-account-now.net/cnyyr?param=t945beyz,1
http://banking-secure-login.top/pepjl,1
http://important-security-update.info,1
https://secure-login-amazon.info,1
https://account-verification-required.xyz,1
https://account-verification-required.xyz/gmjgx?param=j41frmo1,1
https://www.reddit.com,0
https://www.microsoft.com,0
https://www.stackoverflow.com/ndruk?param=lgnbk0kt,0
http://important-security-update.info/lltdj?param=kseszj4j,1
https://www.stackoverflow.com,0
http://secure-banking-update.com,1
https://www.python.org/tpkjt?param=zqegaddt,0
https://www.facebook.com/pvcpl,0
https://www.microsoft.com/hckcc,0
https://account-verification-required.xyz/xkdbc,1
https://www.github.com/azmpn,0
https://secure-login-amazon.info,1
https://secure-login-amazon.info/pxtum,1
http://banking-secure-login.top/gzadl?param=7d0pdbar,1
https://www.python.org,0
http://secure-banking-update.com,1
https://www.microsoft.com/tdgzt,0
https://www.google.com/lzzcz?param=45jzs2dj,0
https://www.google.com,0
https://www.twitter.com,0
https://www.stackoverflow.com,0
https://www.twitter.com/pnfaj,0
https://www.reddit.com,0
https://www.microsoft.com,0
https://www.microsoft.com/sscie?param=on2yuz6r,0
https://www.linkedin.com/arsxw?param=qas8yf66,0
https://verify-account-now.net,1
https://verify-paypal-account.net/ovohw,1
https://www.reddit.com/kpgwf,0
https://www.facebook.com/utdni,0
https://www.stackoverflow.com/hlbak,0
https://www.google.com,0
http://secure-banking-update.com,1
https://www.twitter.com,0
http://urgent-account-update.com/zwqxu,1
https://www.google.com/eqdtt,0
http://banking-secure-login.top,1
https://www.github.com,0
https://www.python.org/szihm?param=8ap67d1y,0
https://www.microsoft.com/yjzuo,0
https://www.facebook.com,0
https://secure-login-amazon.info/revti?param=tor0s7p0,1
http://login-secure-bank.xyz/iyens,1
http://secure-banking-update.com/lcgym?param=gjoie3jg,1
https://secure-login-amazon.info,1
https://www.github.com,0
http://secure-banking-update.com/heduo?param=gnh1nzs5,1
http://banking-secure-login.top/xziru,1
https://www.linkedin.com/tiqem,0
https://www.amazon.com/evgkq,0
https://verify-paypal-account.net/pthvu,1
https://www.python.org/irwvf,0
http://login-secure-bank.xyz/vucjf,1
https://www.microsoft.com/jcyur,0
https://verify-account-now.net/dbwgs,1
http://verify-payment-method.online/xquqt?param=blkqjh7g,1
http://banking-secure-login.top/oqzro?param=rsi5dq5m,1
http://login-secure-bank.xyz/oschq,1
https://www.python.org/tqcpn,0
https://www.google.com/xaetz?param=vuiiqygb,0
https://verify-paypal-account.net/orojr,1
https://www.github.com,0
https://account-verification-required.xyz/kswrp,1
https://www.stackoverflow.com,0
https://verify-account-now.net,1
http://important-security-update.info/eabdc?param=1f546jxt,1
https://www.amazon.com,0
https://secure-login-amazon.info/pqkdh,1
http://verify-payment-method.online/xqicz?param=99yp3ek8,1
https://www.twitter.com/hjrhc?param=er5kepu3,0
https://verify-account-now.net,1
https://www.reddit.com,0
http://banking-secure-login.top/wtfek,1
https://www.stackoverflow.com/wqeba,0
https://secure-login-amazon.info,1
http://login-secure-bank.xyz/eyksx,1
https://www.github.com/wznug,0
https://www.stackoverflow.com/hxymb?param=lnaytewo,0
https://www.amazon.com,0
https://account-verification-required.xyz,1
http://verify-payment-method.online/mjlmr?param=e6ksmmhn,1
https://www.python.org/euest?param=w4i7gp2b,0
https://verify-paypal-account.net/whnif?param=64iv8r8v,1
https://www.linkedin.com,0
http://login-secure-bank.xyz,1
https://www.reddit.com,0
https://www.reddit.com,0
https://verify-paypal-account.net/jzrpd,1
https://www.github.com/bpdmt?param=cworesz8,0
http://important-security-update.info,1
https://www.facebook.com,0
https://www.linkedin.com,0
http://important-security-update.info/imghq?param=7n6g8t6k,1
http://verify-payment-method.online/ldxif,1
http://login-secure-bank.xyz/alkto?param=hxklw4pa,1
https://www.amazon.com,0
https://www.python.org/yyfnw?param=5jfre1wr,0
http://secure-banking-update.com,1
https://www.stackoverflow.com/nyvfr?param=u5vh7a1w,0
https://verify-paypal-account.net/swrri?param=lmeukytj,1
http://urgent-account-update.com/cddpn,1
https://www.facebook.com,0
https://www.stackoverflow.com/zjtou,0
http://urgent-account-update.com,1
https://www.github.com/bmzpn?param=iapfjmr4,0
https://www.python.org/morct?param=dom8ytb3,0
http://login-secure-bank.xyz,1
http://secure-banking-update.com,1
https://account-verification-required.xyz,1
https://verify-account-now.net,1
https://secure-login-amazon.info,1
https://www.twitter.com,0
http://verify-payment-method.online,1
https://www.python.org/ukolt,0
https://www.github.com/lfijb,0
https://www.twitter.com,0
http://important-security-update.info,1
http://important-security-update.info/mstcs?param=t9hqxo4b,1
https://www.reddit.com/igyfo,0
https://www.google.com,0
http://banking-secure-login.top/lnsbn?param=tsz3sahb,1
https://www.google.com,0
https://www.google.com/neapt?param=haf3pr8o,0
http://secure-banking-update.com,1
http://urgent-account-update.com/phplx?param=tkge3gwy,1
https://secure-login-amazon.info/gkhie,1
https://www.amazon.com,0
http://important-security-update.info/zbtec?param=35hv86v2,1
https://www.twitter.com/vlpmw,0
https://verify-paypal-account.net/zelll?param=1adz7jfw,1
https://www.twitter.com/wkadq?param=rov7xj9f,0
https://secure-login-amazon.info/dshmg?param=cmr82pht,1
https://www.google.com/fvljj,0
https://www.stackoverflow.com,0
https://www.reddit.com,0
https://www.reddit.com/yfhfh,0
https://www.amazon.com,0
https://verify-account-now.net,1
http://verify-payment-method.online/eqhvq?param=mbdw7iwf,1
https://www.google.com,0
http://secure-banking-update.com,1
http://important-security-update.info,1
http://banking-secure-login.top/axewe,1
http://banking-secure-login.top/agtpb?param=j6iri6zv,1
https://www.github.com/uvdfd?param=mijjcdiv,0
http://urgent-account-update.com/vanlf?param=1bis3392,1
https://www.amazon.com,0
https://www.stackoverflow.com,0
https://www.google.com,0
https://www.python.org/orwru?param=6gx8s3dr,0
http://banking-secure-login.top/vrwna?param=b1xo9zbq,1
https://www.amazon.com/vfzdr,0
http://secure-banking-update.com,1
https://www.google.com/nptsh?param=et1x2o52,0
https://www.stackoverflow.com,0
https://www.twitter.com/tglwj,0
https://www.microsoft.com/jhtmc?param=bzzs8ctq,0
https://www.microsoft.com/mfleu?param=3a1c6m09,0
https://verify-paypal-account.net/romjr,1
https://www.google.com,0
http://important-security-update.info/ppvjm,1
https://www.stackoverflow.com,0
https://www.facebook.com/xqaok,0
https://verify-account-now.net/tzsyv,1
https://www.twitter.com/osylq,0
https://www.github.com/xckyk,0
https://www.microsoft.com,0
http://login-secure-bank.xyz,1
http://secure-banking-update.com/tvdob,1
https://www.python.org,0
https://www.facebook.com,0
https://www.google.com/ttvug,0
http://verify-payment-method.online,1
https://www.microsoft.com/bxzus?param=7kooie0k,0
http://important-security-update.info/iysrq,1
http://urgent-account-update.com/unsds?param=jch5elfv,1
http://secure-banking-update.com,1
https://www.amazon.com,0
https://account-verification-required.xyz,1
https://www.twitter.com,0
https://www.amazon.com,0
https://www.reddit.com/htbwm?param=2fjqkb97,0
https://www.github.com,0
http://important-security-update.info,1
https://www.amazon.com,0
https://www.github.com/cuwgf,0
https://www.stackoverflow.com,0
http://verify-payment-method.online,1
http://banking-secure-login.top,1
https://www.reddit.com,0
https://www.stackoverflow.com/oqals?param=cqza1xft,0
http://important-security-update.info,1
https://www.amazon.com,0
https://www.linkedin.com/gfmie?param=nakpazl6,0
https://www.facebook.com,0
http://secure-banking-update.com,1
https://www.github.com/pwjms?param=xckpkep1,0
http://important-security-update.info/wpmzi?param=ovso2ytm,1
https://www.linkedin.com/zzymx,0
https://www.microsoft.com/glbtu,0
https://verify-account-now.net/emdwe?param=ghbh7ky7,1
https://www.linkedin.com,0
https://verify-account-now.net,1
http://login-secure-bank.xyz,1
https://verify-paypal-account.net/dhqzu?param=wo2p800k,1
https://www.amazon.com,0
https://www.amazon.com/klpme?param=tm756k52,0
https://www.python.org,0
https://www.stackoverflow.com,0
http://verify-payment-method.online,1
https://www.reddit.com,0
https://www.stackoverflow.com/ekawd,0
https://verify-account-now.net/tqbmy?param=msxor421,1
https://www.microsoft.com,0
https://www.python.org,0
https://account-verification-required.xyz,1
https://www.facebook.com,0
https://www.reddit.com,0
https://secure-login-amazon.info/hzwos,1
http://important-security-update.info/dkgmb,1
https://secure-login-amazon.info,1
https://www.stackoverflow.com,0
https://www.stackoverflow.com,0
http://important-security-update.info/mauhw,1
https://www.microsoft.com,0
https://verify-account-now.net/edlzt,1
https://account-verification-required.xyz/avhbh,1
https://www.github.com,0
https://www.google.com/lzhqy?param=xqqqbbjh,0
https://www.linkedin.com,0
https://verify-account-now.net/jjrkg?param=ziaxf4kn,1
http://urgent-account-update.com/fbvmh,1
https://verify-account-now.net,1
https://www.microsoft.com/dsdhu,0
http://login-secure-bank.xyz/zhmye?param=tu36ve7x,1
https://verify-account-now.net,1
https://www.linkedin.com,0
https://www.twitter.com/rcaaq,0
http://banking-secure-login.top/zyyoy?param=o75efk8v,1
https://www.stackoverflow.com,0
http://urgent-account-update.com/wocvw,1
https://www.linkedin.com,0
https://verify-paypal-account.net/ppyvz,1
https://account-verification-required.xyz,1
https://www.google.com,0
https://www.stackoverflow.com/qdfmg?param=4e8uycsi,0
http://urgent-account-update.com,1
https://www.linkedin.com/ewtpd?param=6a02wsqt,0
http://verify-payment-method.online/kikim?param=n62rzt19,1
http://banking-secure-login.top,1
https://verify-paypal-account.net/frpqm,1
http://login-secure-bank.xyz,1
http://banking-secure-login.top,1
https://account-verification-required.xyz,1
https://www.google.com,0
http://verify-payment-method.online,1
http://verify-payment-method.online,1
https://www.linkedin.com/tahrs,0
http://banking-secure-login.top,1
https://www.reddit.com/svyel,0
https://verify-account-now.net/wsmya?param=ul0eil7s,1
https://www.reddit.com/qgfpv?param=pt5a8vxq,0
https://www.amazon.com,0
https://www.reddit.com/zcaxw,0
http://important-security-update.info/atcvv?param=kaqtfzug,1
https://secure-login-amazon.info,1
https://verify-paypal-account.net/zzodp,1
https://www.stackoverflow.com/gerxp?param=tdyn5u9v,0
https://verify-paypal-account.net/bichz?param=p76tm28d,1
https://www.linkedin.com/hiubz,0
https://www.stackoverflow.com,0
https://verify-paypal-account.net/ctams,1
https://www.google.com,0
http://urgent-account-update.com/ublxd?param=ethzy8du,1
http://important-security-update.info/fxpuw,1
https://www.microsoft.com/ctobr?param=t4x5hilv,0
https://www.reddit.com,0
https://www.facebook.com/lihzd,0
https://verify-account-now.net,1
https://www.amazon.com/qrkpv?param=3nunihot,0
https://www.google.com/rdhwh?param=uv4vb7z5,0
https://www.python.org,0
http://banking-secure-login.top/qbgth?param=ts99uwem,1
http://verify-payment-method.online/zbgub,1
http://important-security-update.info,1
http://verify-payment-method.online/vbgbb,1
http://secure-banking-update.com,1
https://www.stackoverflow.com/rtjmc,0
https://www.github.com/frkua?param=g7j85rqy,0
http://important-security-update.info,1
http://banking-secure-login.top/sodlv,1
http://banking-secure-login.top/dnpfp,1
https://www.facebook.com,0
https://www.twitter.com/euhgi?param=l66b1k90,0
http://urgent-account-update.com,1
https://account-verification-required.xyz/zejag?param=2v8sty3z,1
https://verify-paypal-account.net/ehoyf,1
https://verify-account-now.net/mbqgp?param=58jrlq75,1
https://www.microsoft.com,0
http://urgent-account-update.com/qonoa,1
https://verify-paypal-account.net/myzir,1
http://login-secure-bank.xyz,1
https://secure-login-amazon.info,1
https://verify-paypal-account.net,1
http://urgent-account-update.com/cwdqt,1
https://www.twitter.com,0
http://verify-payment-method.online/giled?param=hk3dthri,1
http://important-security-update.info/vvirb,1
https://www.facebook.com,0
https://www.stackoverflow.com/pttiy?param=ro13vno6,0
https://account-verification-required.xyz/sqfpb,1
https://account-verification-required.xyz,1
http://important-security-update.info,1
https://verify-account-now.net/dkgnm,1
https://www.stackoverflow.com,0
http://important-security-update.info/lfzww?param=ozjod1lw,1
http://urgent-account-update.com/gqdly,1
https://www.python.org/mwmxp,0
https://www.facebook.com,0
https://www.facebook.com/mhpkw?param=frxtww6k,0
http://login-secure-bank.xyz/oaunw,1
https://www.microsoft.com,0
https://www.google.com,0
https://www.github.com/mrvsz?param=ekhoo70g,0
https://www.github.com,0
http://important-security-update.info,1
https://www.amazon.com/wylyx?param=m5js5wje,0
https://verify-paypal-account.net,1
https://verify-paypal-account.net/ilxuu?param=yn5fpprk,1
https://www.twitter.com,0
https://www.reddit.com,0
http://urgent-account-update.com,1
https://www.stackoverflow.com,0
http://secure-banking-update.com,1
http://important-security-update.info/ecwzr,1
http://login-secure-bank.xyz/febuo,1
https://www.amazon.com/sdsvd?param=z50ogrkq,0
https://www.python.org,0
https://www.microsoft.com,0
https://www.python.org/xoakw,0
https://secure-login-amazon.info/bthde?param=aanp05td,1
https://account-verification-required.xyz,1
https://www.facebook.com/hnjbx,0
https://www.linkedin.com,0
https://account-verification-required.xyz/kkwrh,1
https://www.twitter.com/zezop?param=1hmhh7w1,0
https://www.facebook.com/epnud,0
http://urgent-account-update.com,1
https://www.python.org/pwkmj?param=efjofwjz,0
https://account-verification-required.xyz/sflhv?param=ga8gyhz5,1
http://secure-banking-update.com,1
http://banking-secure-login.top/tpvro,1
https://secure-login-amazon.info/wytxy,1
http://secure-banking-update.com/xvkxc?param=4rv9hs7n,1
https://www.amazon.com,0
https://account-verification-required.xyz,1
http://urgent-account-update.com,1
https://account-verification-required.xyz,1
http://secure-banking-update.com/vhegn?param=12z1qzsb,1
https://verify-account-now.net/rttjd?param=gb6kzlba,1
https://www.facebook.com/puvwm,0
https://www.stackoverflow.com/sopio?param=r93vzenc,0
http://banking-secure-login.top/eqtkp,1
https://secure-login-amazon.info/lriwi?param=ygitoxws,1
https://www.microsoft.com/yrywx?param=61mq0uxq,0
http://important-security-update.info,1
http://important-security-update.info,1
http://urgent-account-update.com,1
https://www.stackoverflow.com,0
https://verify-paypal-account.net,1
https://verify-paypal-account.net,1
https://www.microsoft.com/tdjqu?param=axqooec3,0
http://verify-payment-method.online/ahhhn?param=5cyssyu4,1
https://www.twitter.com,0
http://urgent-account-update.com,1
https://www.twitter.com,0
https://www.twitter.com,0
https://www.twitter.com,0
https://www.amazon.com,0
https://www.stackoverflow.com/howds?param=ah8q7wjk,0
https://www.twitter.com,0
https://verify-paypal-account.net/nhyay?param=19gxkzp2,1
https://verify-paypal-account.net/lqnui?param=qic0v3jg,1
https://account-verification-required.xyz,1
https://www.python.org,0
http://secure-banking-update.com/ujdrf,1
https://www.facebook.com,0
https://www.twitter.com/mvkvq,0
https://www.twitter.com/xvadg?param=9o0nauf5,0
https://www.facebook.com,0
https://www.microsoft.com/jubtp?param=nyk6ij0b,0
https://www.stackoverflow.com/hhubk?param=u26muslh,0
http://important-security-update.info/myfuj?param=umeq087t,1
https://www.github.com,0
https://www.twitter.com,0
http://verify-payment-method.online/qhhtf,1
https://www.amazon.com/qbdnm,0
https://www.facebook.com,0
http://banking-secure-login.top/glwiy?param=6r1i6nqj,1
http://login-secure-bank.xyz,1
https://www.linkedin.com,0
https://www.facebook.com,0
https://www.twitter.com,0
http://important-security-update.info/vvzbd?param=6mbt27an,1
https://verify-paypal-account.net,1
https://www.stackoverflow.com/bcsby?param=qpije3tn,0
https://verify-account-now.net/rotma,1
https://www.facebook.com,0
https://www.python.org,0
https://www.facebook.com/taavj,0
https://www.google.com,0
http://banking-secure-login.top,1
http://login-secure-bank.xyz/clwqc?param=pe5mqaco,1
http://banking-secure-login.top,1
https://www.stackoverflow.com/bjrib,0
https://secure-login-amazon.info,1
http://important-security-update.info/rdnlo?param=uk6v4cod,1
http://urgent-account-update.com,1
http://urgent-account-update.com/lilqc?param=vhiz1pbx,1
http://banking-secure-login.top/kgvra?param=9grce8i5,1
https://www.github.com/besqe,0
http://login-secure-bank.xyz,1
https://www.python.org,0
https://verify-account-now.net,1
https://www.github.com,0
https://secure-login-amazon.info,1
http://banking-secure-login.top/fqmkc?param=27wtcf2y,1
https://secure-login-amazon.info,1
http://urgent-account-update.com,1
https://www.python.org/blhcc?param=miwjwpcu,0
http://login-secure-bank.xyz,1
https://www.twitter.com,0
https://www.github.com,0
http://login-secure-bank.xyz/ruzlu,1
http://important-security-update.info,1
http://banking-secure-login.top,1
https://www.linkedin.com,0
https://www.twitter.com/tfxpz?param=nzcu2d0w,0
https://verify-account-now.net/nqepu,1
https://www.google.com,0
https://account-verification-required.xyz,1
http://banking-secure-login.top/vkdba,1
https://verify-paypal-account.net,1
https://www.google.com/syqta,0
https://www.google.com,0
http://banking-secure-login.top/urwnk,1
http://banking-secure-login.top/bfxzt?param=vlzdabas,1
https://www.microsoft.com/olsrv?param=c0c3k61m,0
http://verify-payment-method.online,1
https://www.stackoverflow.com/xmnwo?param=vdmafa13,0
https://verify-account-now.net/ezuma?param=fxx3k2yn,1
http://login-secure-bank.xyz/yhhfm,1
http://important-security-update.info/tmbgn,1
http://login-secure-bank.xyz,1
https://verify-paypal-account.net,1
https://verify-paypal-account.net/euuno?param=3zxflwb1,1
http://banking-secure-login.top,1
http://login-secure-bank.xyz,1
https://www.linkedin.com,0
https://www.twitter.com,0
https://www.python.org/pesqh,0
https://www.reddit.com,0
https://secure-login-amazon.info/hpjzy?param=wbbgvwu5,1
https://www.linkedin.com/fjwec?param=ppuq8n15,0
https://www.linkedin.com/qkuiw,0
https://www.python.org,0
https://www.twitter.com/pejsr,0
https://secure-login-amazon.info/yvrri?param=yi9k35r5,1
https://www.linkedin.com/ozosd?param=3ap4ruli,0
https://verify-paypal-account.net/fecas?param=6c5amt01,1
http://urgent-account-update.com,1
